Workbook

Sheet المخزون
A1: الفرع | B1: رمز الصنف | C1: اسم الصنف | D1: التصنيف | E1: المخزون الحالي | F1: حد إعادة الطلب | G1: مخزون المستودع | H1: كمية الاستيفاء المطلوبة | I1: حالة المخزون
A2: فرع الرياض - العليا | B2: SKU-1001 | C2: أرز بسمتي الشعلان 5 كجم | D2: أغذية ومشروبات | E2: 10 | F2: 25 | G2: 180 | H2: =IF(E2<=F2, (F2*2)-E2, 0) -> 40 | I2: =IF(E2=0, "منتهي", IF(E2<=F2, "منخفض (استيفاء)", IF(E2>(F2*2.5), "مخزون زائد", "كافٍ ومستقر"))) -> منخفض (استيفاء)
A3: فرع الرياض - العليا | B3: SKU-1002 | C3: زيت دوار الشمس عافية 1.5 لتر | D3: أغذية ومشروبات | E3: 12 | F3: 30 | G3: 240 | H3: =IF(E3<=F3, (F3*2)-E3, 0) -> 48 | I3: =IF(E3=0, "منتهي", IF(E3<=F3, "منخفض (استيفاء)", IF(E3>(F3*2.5), "مخزون زائد", "كافٍ ومستقر"))) -> منخفض (استيفاء)
A4: فرع الرياض - العليا | B4: SKU-1003 | C4: حليب نادك طويل الأجل (كرتون) | D4: أغذية ومشروبات | E4: 0 | F4: 20 | G4: 0 | H4: =IF(E4<=F4, (F4*2)-E4, 0) -> 40 | I4: =IF(E4=0, "منتهي", IF(E4<=F4, "منخفض (استيفاء)", IF(E4>(F4*2.5), "مخزون زائد", "كافٍ ومستقر"))) -> منتهي
A5: فرع الرياض - العليا | B5: SKU-1004 | C5: سكر ناعم الأسرة 5 كجم | D5: أغذية ومشروبات | E5: 35 | F5: 20 | G5: 150 | H5: =IF(E5<=F5, (F5*2)-E5, 0) -> 0 | I5: =IF(E5=0, "منتهي", IF(E5<=F5, "منخفض (استيفاء)", IF(E5>(F5*2.5), "مخزون زائد", "كافٍ ومستقر"))) -> كافٍ ومستقر
A6: فرع الرياض - العليا | B6: SKU-1005 | C6: تونة العلالي خفيف 170 جم | D6: أغذية ومشروبات | E6: 16 | F6: 40 | G6: 320 | H6: =IF(E6<=F6, (F6*2)-E6, 0) -> 64 | I6: =IF(E6=0, "منتهي", IF(E6<=F6, "منخفض (استيفاء)", IF(E6>(F6*2.5), "مخزون زائد", "كافٍ ومستقر"))) -> منخفض (استيفاء)
A7: فرع الرياض - العليا | B7: SKU-1006 | C7: شاي ليبتون أحمر 100 خيط | D7: أغذية ومشروبات | E7: 45 | F7: 25 | G7: 75 | H7: =IF(E7<=F7, (F7*2)-E7, 0) -> 0 | I7: =IF(E7=0, "منتهي", IF(E7<=F7, "منخفض (استيفاء)", IF(E7>(F7*2.5), "مخزون زائد", "كافٍ ومستقر"))) -> كافٍ ومستقر
A8: فرع الرياض - العليا | B8: SKU-1007 | C8: قهوة نسكافيه كلاسيك 200 جم | D8: أغذية ومشروبات | E8: 12 | F8: 15 | G8: 45 | H8: =IF(E8<=F8, (F8*2)-E8, 0) -> 18 | I8: =IF(E8=0, "منتهي", IF(E8<=F8, "منخفض (استيفاء)", IF(E8>(F8*2.5), "مخزون زائد", "كافٍ ومستقر"))) -> منخفض (استيفاء)
A9: فرع الرياض - العليا | B9: SKU-1008 | C9: عسل سدر طبيعي الشفاء 500 جم | D9: أغذية ومشروبات | E9: 35 | F9: 10 | G9: 30 | H9: =IF(E9<=F9, (F9*2)-E9, 0) -> 0 | I9: =IF(E9=0, "منتهي", IF(E9<=F9, "منخفض (استيفاء)", IF(E9>(F9*2.5), "مخزون زائد", "كافٍ ومستقر"))) -> مخزون زائد
A10: فرع الرياض - العليا | B10: SKU-2001 | C10: مسحوق تايد أوتوماتيك 5 كجم | D10: منظفات | E10: 8 | F10: 20 | G10: 120 | H10: =IF(E10<=F10, (F10*2)-E10, 0) -> 32 | I10: =IF(E10=0, "منتهي", IF(E10<=F10, "منخفض (استيفاء)", IF(E10>(F10*2.5), "مخزون زائد", "كافٍ ومستقر"))) -> منخفض (استيفاء)
A11: فرع الرياض - العليا | B11: SKU-2002 | C11: سائل غسيل فيري 1 لتر | D11: منظفات | E11: 65 | F11: 35 | G11: 210 | H11: =IF(E11<=F11, (F11*2)-E11, 0) -> 0 | I11: =IF(E11=0, "منتهي", IF(E11<=F11, "منخفض (استيفاء)", IF(E11>(F11*2.5), "مخزون زائد", "كافٍ ومستقر"))) -> كافٍ ومستقر
A12: فرع الرياض - العليا | B12: SKU-2003 | C12: مطهر ومعقم ديتول 750 مل | D12: منظفات | E12: 0 | F12: 15 | G12: 50 | H12: =IF(E12<=F12, (F12*2)-E12, 0) -> 30 | I12: =IF(E12=0, "منتهي", IF(E12<=F12, "منخفض (استيفاء)", IF(E12>(F12*2.5), "مخزون زائد", "كافٍ ومستقر"))) -> منتهي
A13: فرع الرياض - العليا | B13: SKU-2004 | C13: مناديل كلينكس عبوة إعادة تعبئة | D13: منظفات | E13: 50 | F13: 30 | G13: 0 | H13: =IF(E13<=F13, (F13*2)-E13, 0) -> 0 | I13: =IF(E13=0, "منتهي", IF(E13<=F13, "منخفض (استيفاء)", IF(E13>(F13*2.5), "مخزون زائد", "كافٍ ومستقر"))) -> كافٍ ومستقر
... A151: فرع الرياض - النخيل | B151: SKU-4008 | C151: طقم أواني تيفال 7 قطع | D151: أجهزة منزلية | E151: 10 | F151: 3 | G151: 5 | H151: =IF(E151<=F151, (F151*2)-E151, 0) -> 0 | I151: =IF(E151=0, "منتهي", IF(E151<=F151, "منخفض (استيفاء)", IF(E151>(F151*2.5), "مخزون زائد", "كافٍ ومستقر"))) -> مخزون زائد
A152: الإجمالي العام | E152: =SUM(E2:E151) -> 3121 | F152: =SUM(F2:F151) -> 2550 | G152: =SUM(G2:G52) -> 4350 | H152: =SUM(H2:H151) -> 1362

Sheet حركة المخزون
A1: التاريخ | B1: الفرع | C1: رمز الصنف | D1: اسم الصنف | E1: رصيد بداية الفترة | F1: الكمية المستلمة | G1: الكمية المصروفة | H1: رصيد نهاية الفترة
A2: 46235 | B2: فرع الرياض - العليا | C2: SKU-1001 | D2: أرز بسمتي الشعلان 5 كجم | E2: 50 | F2: 40 | G2: 60 | H2: =E2+F2-G2 -> 30
A3: 46242 | B3: فرع الرياض - العليا | C3: SKU-1001 | D3: أرز بسمتي الشعلان 5 كجم | E3: 30 | F3: 30 | G3: 45 | H3: =E3+F3-G3 -> 15
A4: 46249 | B4: فرع الرياض - العليا | C4: SKU-1001 | D4: أرز بسمتي الشعلان 5 كجم | E4: 15 | F4: 0 | G4: 10 | H4: =E4+F4-G4 -> 5
A5: 46256 | B5: فرع الرياض - العليا | C5: SKU-1001 | D5: أرز بسمتي الشعلان 5 كجم | E5: 5 | F5: 20 | G5: 15 | H5: =E5+F5-G5 -> 10
A6: 46235 | B6: فرع الرياض - العليا | C6: SKU-1003 | D6: حليب نادك طويل الأجل (كرتون) | E6: 30 | F6: 0 | G6: 20 | H6: =E6+F6-G6 -> 10
A7: 46242 | B7: فرع الرياض - العليا | C7: SKU-1003 | D7: حليب نادك طويل الأجل (كرتون) | E7: 10 | F7: 0 | G7: 10 | H7: =E7+F7-G7 -> 0
A8: 46249 | B8: فرع الرياض - العليا | C8: SKU-1003 | D8: حليب نادك طويل الأجل (كرتون) | E8: 0 | F8: 0 | G8: 0 | H8: =E8+F8-G8 -> 0
A9: 46256 | B9: فرع الرياض - العليا | C9: SKU-1003 | D9: حليب نادك طويل الأجل (كرتون) | E9: 0 | F9: 0 | G9: 0 | H9: =E9+F9-G9 -> 0
A10: 46235 | B10: فرع جدة - التحلية | C10: SKU-2002 | D10: سائل غسيل فيري 1 لتر | E10: 85 | F10: 60 | G10: 70 | H10: =E10+F10-G10 -> 75
A11: 46242 | B11: فرع جدة - التحلية | C11: SKU-2002 | D11: سائل غسيل فيري 1 لتر | E11: 75 | F11: 50 | G11: 65 | H11: =E11+F11-G11 -> 60
A12: 46249 | B12: فرع جدة - التحلية | C12: SKU-2002 | D12: سائل غسيل فيري 1 لتر | E12: 60 | F12: 55 | G12: 60 | H12: =E12+F12-G12 -> 55
A13: 46256 | B13: فرع جدة - التحلية | C13: SKU-2002 | D13: سائل غسيل فيري 1 لتر | E13: 55 | F13: 50 | G13: 58 | H13: =E13+F13-G13 -> 47
... A16: 46249 | B16: فرع مكة - العزيزية | C16: SKU-1002 | D16: زيت دوار الشمس عافية 1.5 لتر | E16: 0 | F16: 0 | G16: 0 | H16: =E16+F16-G16 -> 0

Sheet الجرد
A1: تاريخ الجرد | B1: الفرع | C1: رمز الصنف | D1: اسم الصنف | E1: رصيد النظام | F1: الكمية الفعلية | G1: الفرق
A2: 46259 | B2: فرع الرياض - العليا | C2: SKU-1001 | D2: أرز بسمتي الشعلان 5 كجم | E2: 10 | F2: 8 | G2: =F2-E2 -> -2
A3: 46259 | B3: فرع الرياض - العليا | C3: SKU-3001 | D3: شامبو بانتين ملكي 400 مل | E3: 8 | F3: 5 | G3: =F3-E3 -> -3
A4: 46259 | B4: فرع الرياض - العليا | C4: SKU-4001 | D4: غلاية كينوود كهربائية 1.7 لتر | E4: 4 | F4: 5 | G4: =F4-E4 -> 1
A5: 46260 | B5: فرع جدة - التحلية | C5: SKU-2002 | D5: سائل غسيل فيري 1 لتر | E5: 65 | F5: 63 | G5: =F5-E5 -> -2
A6: 46260 | B6: فرع جدة - التحلية | C6: SKU-4005 | D6: صانعة قهوة ديلونجي ديديكا | E6: 10 | F6: 11 | G6: =F6-E6 -> 1
A7: 46261 | B7: فرع الدمام - الشاطئ | C7: SKU-2001 | D7: مسحوق تايد أوتوماتيك 5 كجم | E7: 36 | F7: 35 | G7: =F7-E7 -> -1
A8: 46261 | B8: فرع الدمام - الشاطئ | C8: SKU-2005 | D8: أكياس نفايات كوينكس 50 جالون | E8: 48 | F8: 50 | G8: =F8-E8 -> 2
A9: 46262 | B9: فرع مكة - العزيزية | C9: SKU-1001 | D9: أرز بسمتي الشعلان 5 كجم | E9: 7 | F9: 5 | G9: =F9-E9 -> -2
A10: 46262 | B10: فرع مكة - العزيزية | C10: SKU-1005 | D10: تونة العلالي خفيف 170 جم | E10: 24 | F10: 20 | G10: =F10-E10 -> -4
A11: 46262 | B11: فرع مكة - العزيزية | C11: SKU-3001 | D11: شامبو بانتين ملكي 400 مل | E11: 6 | F11: 4 | G11: =F11-E11 -> -2
A12: 46262 | B12: فرع مكة - العزيزية | C12: SKU-4006 | D12: توصيلة ساس 4 منافذ 3 متر | E12: 14 | F12: 15 | G12: =F12-E12 -> 1

Sheet التقرير
A1: إجمالي السجلات | B1: أصناف منتهية | C1: أصناف تحت الطلب | D1: إجمالي كميات الاستيفاء
A2: =COUNTA([1]E1المخزون!$A$2:$A$151) -> 150 | B2: =COUNTIF(المخزون!$I$2:$I$151, "منتهي") -> 9 | C2: =COUNTIF(المخزون!$I$2:$I$151, "منخفض*") -> 34 | D2: =SUM(المخزون!$H$2:$H$151) -> 1362
A5: الفرع | B5: الأصناف المدارة | C5: أصناف منتهية | D5: أصناف تحت الطلب | E5: كمية الاستيفاء المطلوبة | F5: حالة الفرع التشغيلية
A6: =المخزون!A2 -> فرع الرياض - العليا | B6: =COUNTIF(المخزون!$A$2:$A$151, A6) -> 30 | C6: =COUNTIFS(المخزون!$A$2:$A$151, A6, المخزون!$I$2:$I$151, "منتهي") -> 2 | D6: =COUNTIFS(المخزون!$A$2:$A$151, A6, المخزون!$I$2:$I$151, "منخفض*") -> 9 | E6: =SUMIFS(المخزون!$H$2:$H$151, المخزون!$A$2:$A$151, A6) -> 338 | F6: =IF(D6>=10, "حرج - نقص حاد", IF(D6>=5, "متوسط", "مستقر")) -> متوسط
A7: =المخزون!A32 -> فرع جدة - التحلية | B7: =COUNTIF(المخزون!$A$2:$A$151, A7) -> 30 | C7: =COUNTIFS(المخزون!$A$2:$A$151, A7, المخزون!$I$2:$I$151, "منتهي") -> 2 | D7: =COUNTIFS(المخزون!$A$2:$A$151, A7, المخزون!$I$2:$I$151, "منخفض*") -> 3 | E7: =SUMIFS(المخزون!$H$2:$H$151, المخزون!$A$2:$A$151, A7) -> 149 | F7: =IF(D7>=10, "حرج - نقص حاد", IF(D7>=5, "متوسط", "مستقر")) -> مستقر
A8: =المخزون!A62 -> فرع مكة - العزيزية | B8: =COUNTIF(المخزون!$A$2:$A$151, A8) -> 30 | C8: =COUNTIFS(المخزون!$A$2:$A$151, A8, المخزون!$I$2:$I$151, "منتهي") -> 2 | D8: =COUNTIFS(المخزون!$A$2:$A$151, A8, المخزون!$I$2:$I$151, "منخفض*") -> 15 | E8: =SUMIFS(المخزون!$H$2:$H$151, المخزون!$A$2:$A$151, A8) -> 528 | F8: =IF(D8>=10, "حرج - نقص حاد", IF(D8>=5, "متوسط", "مستقر")) -> حرج - نقص حاد
A9: =المخزون!A92 -> فرع الدمام - الشاطئ | B9: =COUNTIF(المخزون!$A$2:$A$151, A9) -> 30 | C9: =COUNTIFS(المخزون!$A$2:$A$151, A9, المخزون!$I$2:$I$151, "منتهي") -> 2 | D9: =COUNTIFS(المخزون!$A$2:$A$151, A9, المخزون!$I$2:$I$151, "منخفض*") -> 3 | E9: =SUMIFS(المخزون!$H$2:$H$151, المخزون!$A$2:$A$151, A9) -> 168 | F9: =IF(D9>=10, "حرج - نقص حاد", IF(D9>=5, "متوسط", "مستقر")) -> مستقر
A10: =المخزون!A122 -> فرع الرياض - النخيل | B10: =COUNTIF(المخزون!$A$2:$A$151, A10) -> 30 | C10: =COUNTIFS(المخزون!$A$2:$A$151, A10, المخزون!$I$2:$I$151, "منتهي") -> 1 | D10: =COUNTIFS(المخزون!$A$2:$A$151, A10, المخزون!$I$2:$I$151, "منخفض*") -> 4 | E10: =SUMIFS(المخزون!$H$2:$H$151, المخزون!$A$2:$A$151, A10) -> 179 | F10: =IF(D10>=10, "حرج - نقص حاد", IF(D10>=5, "متوسط", "مستقر")) -> مستقر
